{"cameraMode":{"drawMode":0,"name":"Shaded","section":"Shading Mode"},"sceneLighting":true,"audioPlay":false,"sceneViewState":{"m_AlwaysRefresh":false,"showFog":true,"showSkybox":true,"showFlares":true,"showImageEffects":true,"showParticleSystems":true,"showVisualEffectGraphs":true,"m_FxEnabled":true},"in2DMode":false,"pivot":{"x":-1.8119007349014283,"y":96.63687896728516,"z":20.703222274780275},"rotation":{"x":0.025806540623307229,"y":0.0014939933316782117,"z":-0.000045975255488883704,"w":0.9996576309204102},"size":21.92854881286621,"orthographic":true}