{"cameraMode":{"drawMode":0,"name":"Shaded","section":"Shading Mode"},"sceneLighting":true,"audioPlay":false,"sceneViewState":{"m_AlwaysRefresh":false,"showFog":true,"showSkybox":true,"showFlares":true,"showImageEffects":true,"showParticleSystems":true,"showVisualEffectGraphs":true,"m_FxEnabled":true},"in2DMode":false,"pivot":{"x":-11.843305587768555,"y":8.622671127319336,"z":13.100481033325196},"rotation":{"x":0.025806540623307229,"y":0.0014939933316782117,"z":-0.000045975255488883704,"w":0.9996576309204102},"size":14.98829174041748,"orthographic":true}