{"cameraMode":{"drawMode":0,"name":"Shaded","section":"Shading Mode"},"sceneLighting":true,"audioPlay":false,"sceneViewState":{"m_AlwaysRefresh":false,"showFog":true,"showSkybox":true,"showFlares":true,"showImageEffects":true,"showParticleSystems":true,"showVisualEffectGraphs":true,"m_FxEnabled":true},"in2DMode":false,"pivot":{"x":355.4952697753906,"y":214.48663330078126,"z":27.72698974609375},"rotation":{"x":0.025806540623307229,"y":0.0014939933316782117,"z":-0.000045975255488883704,"w":0.9996576309204102},"size":296.76300048828127,"orthographic":true}