{"cameraMode":{"drawMode":0,"name":"Shaded","section":"Shading Mode"},"sceneLighting":true,"audioPlay":false,"sceneViewState":{"m_AlwaysRefresh":false,"showFog":true,"showSkybox":true,"showFlares":true,"showImageEffects":true,"showParticleSystems":true,"showVisualEffectGraphs":true,"m_FxEnabled":true},"in2DMode":false,"pivot":{"x":196.4426727294922,"y":395.96484375,"z":-16.927398681640626},"rotation":{"x":-0.055161166936159137,"y":0.004488601349294186,"z":0.00024255643074866384,"w":0.9984613060951233},"size":324.10455322265627,"orthographic":false}