{"cameraMode":{"drawMode":0,"name":"Shaded","section":"Shading Mode"},"sceneLighting":true,"audioPlay":false,"sceneViewState":{"m_AlwaysRefresh":false,"showFog":true,"showSkybox":true,"showFlares":true,"showImageEffects":true,"showParticleSystems":true,"showVisualEffectGraphs":true,"m_FxEnabled":true},"in2DMode":false,"pivot":{"x":-4.051026344299316,"y":39.29864501953125,"z":-24.125707626342775},"rotation":{"x":0.0033090938813984396,"y":0.01199536956846714,"z":-0.00004973739123670384,"w":0.9999339580535889},"size":18.111263275146486,"orthographic":true}