{"cameraMode":{"drawMode":0,"name":"Shaded","section":"Shading Mode"},"sceneLighting":true,"audioPlay":false,"sceneViewState":{"m_AlwaysRefresh":false,"showFog":true,"showSkybox":true,"showFlares":true,"showImageEffects":true,"showParticleSystems":true,"showVisualEffectGraphs":true,"m_FxEnabled":true},"in2DMode":false,"pivot":{"x":4.61344575881958,"y":0.22896289825439454,"z":17.017436981201173},"rotation":{"x":-0.1214325875043869,"y":-0.0351332351565361,"z":0.0043009365908801559,"w":-0.9919703006744385},"size":17.58238983154297,"orthographic":false}