{"cameraMode":{"drawMode":0,"name":"Shaded","section":"Shading Mode"},"sceneLighting":true,"audioPlay":false,"sceneViewState":{"m_AlwaysRefresh":false,"showFog":true,"showSkybox":true,"showFlares":true,"showImageEffects":true,"showParticleSystems":true,"showVisualEffectGraphs":true,"m_FxEnabled":true},"in2DMode":false,"pivot":{"x":-23.599525451660158,"y":55.143798828125,"z":-65.29579162597656},"rotation":{"x":-0.05247099697589874,"y":-0.01888563297688961,"z":-0.0007970969891175628,"w":0.9984509944915772},"size":111.38790893554688,"orthographic":true}